{
  "density_L1": 0.8684170401985096,
  "K_L1": 1.375,
  "density_KL": 2.152423357863472,
  "K_hist_gen": [
    0.3125,
    0.0,
    0.525,
    0.1625,
    0.0,
    0.0,
    0.0,
    0.0,
    0.0,
    0.0,
    0.0,
    0.0,
    0.0
  ],
  "K_hist_ref": [
    0.3606815000269208,
    0.6393184999730792,
    0.0,
    0.0,
    0.0,
    0.0,
    0.0,
    0.0,
    0.0,
    0.0,
    0.0,
    0.0,
    0.0
  ],
  "density_gen_top12": [
    0.05,
    0.0,
    0.0,
    0.025,
    0.0375,
    0.0,
    0.0,
    0.0,
    0.0,
    0.0,
    0.0,
    0.0125
  ],
  "density_ref_top12": [
    0.04505195714208798,
    0.002395951111828999,
    0.00011777849566575136,
    0.016226511602864372,
    0.003206940181984601,
    0.000383621385882733,
    0.005246190706940182,
    0.0004542884832821838,
    3.3650998761643246e-06,
    0.00024901739083616,
    0.00907230926613902,
    0.0005350508803101277
  ],
  "step_profile_kick": [
    0.0,
    0.0,
    0.0,
    0.0,
    0.0,
    0.2,
    0.0,
    0.0,
    0.2,
    0.2,
    0.2,
    0.0,
    0.0,
    0.2,
    0.0,
    0.0
  ],
  "step_profile_snare": [
    0.2,
    0.2,
    0.0,
    0.4,
    0.0,
    0.2,
    0.0,
    0.0,
    0.2,
    0.0,
    0.2,
    0.2,
    0.0,
    0.2,
    0.2,
    0.0
  ],
  "step_profile_hihat": [
    0.0,
    0.4,
    0.2,
    0.4,
    0.2,
    0.2,
    0.2,
    0.0,
    0.6,
    0.4,
    0.2,
    0.4,
    0.4,
    0.6,
    0.0,
    0.0
  ],
  "offbeat_ratio_kick": 0.075,
  "backbeat_snare_4_12": 0.0
}