epoch,loss,lr,perplexity,sparse_categorical_accuracy,val_loss,val_perplexity,val_sparse_categorical_accuracy
0,2.9020700454711914,0.001,19.088390350341797,0.35918402671813965,2.563102960586548,10.978689193725586,0.36882615089416504
1,2.3983349800109863,0.001,8.448623657226562,0.39832013845443726,2.2794060707092285,7.80335807800293,0.4264034032821655
2,2.1950504779815674,0.001,6.766491413116455,0.44989365339279175,2.143094539642334,6.628987789154053,0.47854113578796387
3,2.054208993911743,0.001,5.801180362701416,0.49314191937446594,2.051577091217041,5.989485263824463,0.503889262676239
4,1.9531700611114502,0.001,5.202933311462402,0.5243229269981384,2.005570888519287,5.70277214050293,0.5129188299179077
5,1.8772108554840088,0.001,4.800363063812256,0.5482319593429565,1.9660714864730835,5.411952495574951,0.5272247791290283
6,1.8162163496017456,0.001,4.485439777374268,0.5665347576141357,1.9487749338150024,5.296609878540039,0.5326642990112305
7,1.765081524848938,0.001,4.2508039474487305,0.5832929611206055,1.9366910457611084,5.216449737548828,0.5377774238586426
8,1.723952293395996,0.001,4.0617241859436035,0.5972177386283875,1.9180192947387695,5.104767322540283,0.544984757900238
